Sku,Mfr
1000,10032070
1009,10032240
1010,10032250
1011,10032255
1012,10032260
1013,10032270
1014,10032280
1015,10032290
1016,10032310
1017,10032320
1018,10032330
1019,10032340
1020,10032350
1021,10032360
1022,10032370
1023,10032380
1024,10032390
1036,10052520
1037,10052530
1038,10052540
1039,10052550
1040,10052560
1041,10052570
1042,10052580
1043,10052590
1044,10052600
1048,1022
9601,1022-PRPL
10041,1022B
1049,1025
10359,1025B
8496,106R-1/4-20-STUD
1050,1103
8360,1103-COLAR
9757,1103-COLAR-BT
1052,3045
1053,3046
8329,3046-BC
8969,3046-CRCS
8976,3046-FMSCB
8331,3046-FTK
8328,3046-MC
8977,3046-MSCB
8978,3046-MSCC
10038,3046-RSR
8336,3046-SHM
8327,3046-TC
8330,3064-KB
1054,3117
1055,3218
9404,3218-BMMNASM
8800,3218-HNDL
8801,3218-HNDLSCRASM
9926,3218-LGCLR
9930,3218-LGCRLRFL
8803,3218-LGKB
9928,3218-MEDCLR
8802,3218-SHM
9927,3218-SMCLR
9929,3218-SMCRLRFL
9009,3218/1103-RFH
1057,3312-MK2
8371,3312-MK2-CLP-BR
8301,3312MK2-CLMP
1059,401470
1060,401471
1061,401486
1062,401490
1063,402603
1064,402610
1065,402620
11248,7262-W-18-EXDIFF
11249,7262-W-18-INDIFF
1071,8091020
8060,8091020-SCRW
1072,8101040
1073,8101050
8364,8101050/55-RDS
1074,8101055
1075,8101060
9127,8101060-ROD
1076,8101070
1077,8101075
1095,8101200
1096,8101210
1097,8101220
1098,8101230
1100,8111250
1102,8801
1103,9031310
1104,9031320
1105,9031330
1106,9031340
1107,9031350
1108,9031360
1109,9031380
1110,9031390
1111,9031400
1112,9031410
1113,9031420
1114,9031430
1115,9031440
1116,9031450
1117,9031460
1118,9031470
1119,9031480
1120,9031490
1121,9031500
1122,9031510
1124,9031530
1125,9031540
1126,9031550
1127,9031560
1128,9031570
8244,9031575
1129,9031580
1130,9031590
8247,9031595
1131,9031600
8243,9031605
1132,9031610
8245,9031615
1133,9031620
8246,9031625
1134,9031630
1135,9031640
1136,9031650
1137,9031670
1143,9051740
1145,9051760
1147,9061800
1152,9101880
1165,A4235
1166,A4236
11310,AA-11
11309,AA-7
11295,ACDC-500-TTL
11319,ACDC-TXC
11320,ACDC-TXN
11321,ACDC-TXS
9692,ACP-1137-SPM
1586,
1590,
1608,
1610,
1612,
1614,
8479,APC-A7S
8480,APC-GH4
1588,
1592,
1594,
1596,
1598,
1600,
1602,
1604,
1615,AR-8901
1644,AS-X-400
8057,AS-X-400-HNDL
9874,AS-X-400-MNTASM
9703,AS-X-400-PGD
1937,BAB
1946,BAT-COV-BC-N1
1970,BC-N1
1962,BCA-75D
1979,BD-16
1980,BD-20
1981,BD-22
9832,BD-22-BKRNG
9696,BD-22-DFR
8764,BD-22-THMSCRW-WSHR
1982,BD-27
2000,BD-C24EX
2001,BD-C270
8345,BD-C270II
2003,BD-C320
2004,BD-C380
2005,BD-C420
2007,BD-C430
2009,BD-C430F
2010,BD-C430II
2011,BD-C430W
2012,BD-C540
2014,BD-C580
2016,BD-C580F
2017,BD-C580II
2018,BD-C580W
2019,BD-C600EX
2020,BD-C600EXF
10757,BD-C600EXII
2021,BD-C600EXW
2022,BD-C90
2027,BD-NC1
2028,BD-NSB400
2029,BD-NSB500
10389,BD-NSB5000
2030,BD-NSB600
2032,BD-NSB700
2034,BD-NSB800
2036,BD-NSB900
2038,BD-NSBN5
2039,BD-S58
2040,BD-U100
1987,BDA-ALI
1988,BDA-BRO-L
1989,BDA-COM
1990,BDA-ELI
1991,BDA-EXC
1992,BDA-HEN
1993,BDA-IMP
1994,BDA-NOR-A
1995,BDA-NOR-BPN
1996,BDA-NOV
1997,BDA-PHO
1998,BDA-PRO
1999,BDA-SPE
2023,BDG-16
2024,BDG-20
2025,BDG-22
2026,BDG-27
2114,BG--N7-AA-TRAY
2053,BG-ACB
2054,BG-ACBB
2055,BG-B-1012
2056,BG-B-1024
2057,BG-B-67
2058,BG-BG-C1-AA-TRAY
2059,BG-BG-C1-LITH-TRAY
2072,BG-C-4-AA-TRAY
2060,BG-C1
2061,BG-C10
10470,BG-C10-AA-TRY
10469,BG-C10-LTH-TRY
2065,BG-C11
10955,BG-C11-SHRC
2066,BG-C12
10362,BG-C12-AAT
9010,BG-C13
9011,BG-C13R
11058,BG-C14
2067,BG-C2
2068,BG-C2.2
2069,BG-C3
2070,BG-C4
2071,BG-C4.2
2073,BG-C5
2075,BG-C5-2-AA-TRAY
9575,BG-C5-2-LT
2074,BG-C5.2
2076,BG-C6
2149,BG-C6-C8-C9-AAT
9402,BG-C6-C8-C9-LITH-TR
2077,BG-C7
2078,BG-C8
2079,BG-C9
2080,BG-C9-BTN
2081,BG-CB-1012
2082,BG-CB-1024
2084,BG-CB-67
2089,BG-CG-1012
2090,BG-CG-1024
2091,BG-CG-67
8277,BG-F1
2093,BG-LITH-BAT-N10-N11
2094,BG-LITH-TRAY
9113,BG-M-STS-1012/24
2095,BG-N1
2096,BG-N10
9710,BG-N10-11-15-CNCP
9823,BG-N10-11-15-LIT-TRY
2150,BG-N10-N11-AAT
2097,BG-N11
2098,BG-N12
2099,BG-N13
2100,BG-N14
2101,BG-N15
10125,BG-N15-BUTL
9305,BG-N15-CNCP
10170,BG-N15-LITH-TR
8966,BG-N16
10567,BG-N17
2102,BG-N2
9256,BG-N2-LCH
2103,BG-N3
9991,BG-N3-TRY
2104,BG-N4
2106,BG-N4-2-AA-TRAY
2107,BG-N4-2-LITH-TRAY
2108,BG-N4-AA-TRAY
2109,BG-N4-LITH-TRAY
2105,BG-N4.2
2110,BG-N5
2111,BG-N6
2112,BG-N6RC
2113,BG-N7
9101,BG-N7-BTCMLT
2116,BG-N7-BTN
2117,BG-N7-LITH-TRAY
2118,BG-N8
9708,BG-N8-LITH-TRAY
2119,BG-N9
2120,BG-P1
10127,BG-P1-CNCP
8311,BG-PS440
11171,BG-PS440-CS
2135,BG-S1
2141,BG-S1-BTN
2142,BG-S2
9879,BG-S2-TRY
8276,BG-S3
9990,BG-S3-TRY
10781,BG-S4
10108,BG-SHRC
2151,BG-TL-6-8-9
2158,BG-W-1012
2159,BG-W-1024
2160,BG-W-67
2062,BGC-1012-GM
2063,BGC-1024-DG
2064,BGC-1024-GM
2083,BGC-B-57
2085,BGC-BW-57
2086,BGC-CB-57
2087,BGC-CBG-57
2088,BGC-CG-57
9108,BGC-STS-57
2092,BGC-W-57
2121,BGR
2122,BGR-1012-BL/G
2123,BGR-1012-C/SBR
2124,BGR-1012-D/DSB
2125,BGR-1012-DG/LG
2126,BGR-1012-SB/A
2127,BGR-1012-SB/N
2128,BGR-1024-BL/G
2129,BGR-1024-C/SBR
2130,BGR-1024-D/DSB
2131,BGR-1024-DG/LG
2132,BGR-1024-SB/A
2133,BGR-1024-SB/N
2134,BGR-E
2136,BGS-1012-DG
2137,BGS-1012-G
2138,BGS-1012-RR
2139,BGS-1024-G
2140,BGS-1024-RR
2143,BGSC-B-816
2144,BGSC-CB-816
2145,BGSC-CG-816
9107,BGSC-STS-816-
2146,BGSC-W-816
2147,BGT-1012-SG
2148,BGT-1024-SG
2153,BGV-912-B
2154,BGV-912-BR
2155,BGV-912-BW
2156,BGV-912-G
2157,BGV-912-R
2163,BHE-102
2164,BHE-102S
2165,BHE-104
2166,BHE-105
2167,BHE-106
2168,BHE-107
2169,BHE-108
2170,BHE-108S
2171,BHE-114
2172,BHE-115
2173,BHE-116
2174,BHE-117
2175,BHE-118
2176,BHE-119
10039,BHE-ELBRKT
2182,BL-HS1
2183,BL-HS2
2184,BL-HS3
2484,CA-100
2485,CA-101
2486,CA-102
2487,CA-103
2488,CA-104
2489,CA-105
2490,CA-106
8435,CA-107
2491,CA-108
8117,CA-108-SC
8359,CA-108-SCRW
2492,CA-109
2493,CA-110
2494,CA-111
2495,CA-112
2496,CA-113
2497,CA-114
2498,CA-115
2499,CA-116
9154,CA-116-KB
10300,CA-116-STWSH
11089,CA-116P
8750,CA-117
10765,CA-118
2509,CAM-2W-G1
2510,CAM-2W-G2
2511,CAM-2W-G3
2512,CAM-2W-G4
2504,CAM-2WC-G1
2505,CAM-2WC-G2
2506,CAM-2WC-G3
2507,CAM-2WC-G4
10146,CAM-2WG-ANT
2500,CAM2-ANT
2501,CAM2-BC
2502,CAM2-BLT
2503,CAM2-SM
2513,CAM2W-LC
2508,CAM2WC-LC
2665,CB-100
10375,CB-100-LRS
10376,CB-100-ULS
2666,CB-200
2667,CB-200-BCP
2668,CB-300
2669,CB-300-BCP
2670,CB-400
2671,CB-410
2672,CB-415
2673,CB-450
2674,CB-460
2675,CB-465
2676,CB-480
2677,CB-4800
2678,CB-485
2679,CB-4850
2680,CB-500
2681,CB-510
8958,CB-510-MNT-SCRW
2682,CB-600
2683,CB-700
2684,CB-800
9544,CB-900
2693,CB-RF
2706,CC-100
2707,CC-101
2708,CC-102
10130,CC-102-BTKB
10129,CC-102-TKB
2709,CC-106R
8497,CC-106R-1/4-20-STUD
2710,CC-106T
2711,CC-107
2712,CC-108
2713,CC-109
2714,CC-110
2715,CC-111
2716,CC-112
2717,CC-113
2718,CC-115
2719,CC-116
2721,CC-118
2723,CC-121
2724,CC-123
2725,CC-125
2727,CC-127
2728,CC-128
2729,CC-129
2730,CC-130
2731,CC-131
2732,CC-132
2733,CC-134
2734,CC-136
2819,CFS-2324
2820,CFS-24
2821,CFS-47
8163,CGS-C300
8164,CGS-N300
2889,CM-9HD
11190,CP-815-15LWS
3190,CRK-4272
9433,CRK-4272-REVCOV
3193,CS
3200,CS-1411
3201,CS-1414
3202,CS-16-R
3203,CS-16-T
3204,CS-16-TR
8287,CS-16-TS
3205,CS-20
3210,CS-BH1
3211,CS-BH2
3212,CS-BH2UM
9657,CS-CF-30
3213,CS-CPS-20
8346,CS-CPS-20-BRK
9645,CS-CPS-20A
3218,CS-FOOT
3219,CS-HCS-30
10713,CS-HCS-30-FT
10812,CS-HCS-30-FW
10815,CS-HCS-30-FWB
10814,CS-HCS-30-FWH
3220,CS-HCS-60A
8744,CS-HCS-60A-BRK
8768,CS-HCS-60A-BRKSCRW
8749,CS-HCS-60A-CPS
8747,CS-HCS-60A-CPW
10816,CS-HCS-60A-EXRD
8717,CS-HCS-60A-FOOT
8743,CS-HCS-60A-FWH
8748,CS-HCS-60A-FWS
8720,CS-HCS-60A-RHS
8718,CS-HCS-60A-SCREW
8745,CS-HCS-60A-SCREW-FBE
3228,CS-WN
3226,CSS-U
3227,CSS-U20
8580,CSU
3288,CVC-10
3289,CVC-20
3290,CVC-30
3291,CVC-40
9411,CW-SR1500-MNTSCRW
3294,D-1000
3474,DFUMK
3661,DLS-BS-G
3662,DLS-BS-J
8868,DLS-BS-J-GR
8867,DLS-BS-J-WH
3663,DLS-BS-L
3664,DLS-BS-M
3665,DLS-BS-S
3666,DLS-BS-XL
3667,DLS-G
10532,DLS-G-BS-BLK
10531,DLS-G-BS-WHT
9664,DLS-G-RFP
3668,DLS-J
3669,DLS-L
8876,DLS-L-BK
8869,DLS-L-WH
3670,DLS-M
3671,DLS-S
3672,DLS-XL
9015,DLS-XL-STRB
11085,DUB-2
3722,DVP-SWA38-37
3724,DVP-TP20-58
3725,DVP-TP20-72
3727,DVP-WA50-58
3728,DVP-WA65-62
3729,DVP-WA70-72
3730,DVS-TP20-37
3733,DVS-WA45-30M
3734,DVS-WA45-37
3761,DXW
3762,DYH
3763,DYS
3764,EBO-0601515
3765,EBO-0602424
3766,EBO-0603030
3767,EBO-0699
10106,EBO-0699-EX-DIFF
10107,EBO-0699-IN-DIFF
10357,EBO-0699M
8516,EF-GS
3769,EFP
3773,EGT
3774,EHC
3775,EHD
3777,EHF
3778,EHG
3779,EHT
3780,EHZ
3781,EKB
3782,ELC
3783,ELH
3784,EMD
3785,EMF
3801,ENX
3803,EPC-EB
3804,EPC-EF
3805,EPC-EG
3809,EPE-DK23
3810,EPE-EX15
3811,EPE-EX15II
3815,EPF-XTL
3819,EPN-DK17
8265,EPN-DK17-EP
3820,EPN-DK19
3821,EPN-DK23
3822,EPN-DK25
3823,EPO-EP7
3826,EPP-FO
3827,EPP-FR
3824,EPPC-EF
3825,EPPC-EG
3828,EPPN-DK17
3829,EPPN-DK23
3835,ESC-EF
3836,ESJ
3837,ESM
3838,ESN-DK23
3839,ESP
3840,ESP-DSLR
3841,ESR
3842,ESS
10004,ESS-A7
10994,ESS-A7G
11181,ESS-EC7G
11180,ESS-ECEGG
11184,ESS-EFXLTIIG
11182,ESS-EN3G
11183,ESS-ENDK19G
3843,ETB
3844,ETC
3845,EVW
8158,EX-100-RFCTR
3873,EX-SAD-20MM
3874,EX-SAD-36MM
9570,EX100-EXDIFF
9571,EX100-INDIFF
3851,EX100-PRTCV-CVR
3852,EX100-SFTBX
3853,EX100-SPDRNG
3854,EX100-UMBRL-SCKT
3856,EX100-WND-INSRT
3857,EX100-WNDS
3848,EX100A-2KI
3850,EX100A-KI
3849,EX100AE-KI
3858,EXO-BMCC
3859,EXO-BMCC-PRO
3860,EXR
3861,EXT-CD
3862,EXT-CE
3863,EXT-CEM
3864,EXT-CME
9830,EXT-FXD
3865,EXT-MFTD
3866,EXT-MFTE
8776,EXT-N1D
3867,EXT-N1E
3868,EXT-ND
8100,EXT-ND-12MM
3869,EXT-ND-20MM
9826,EXT-ND-36MM
3870,EXT-NE
3871,EXT-NFM
3872,EXT-SAD
3875,EXT-SED
3876,EXT-SEE
3877,EXT-SFED
3878,EXT-SFEE
3879,EYB
3880,EYH
3881,FA-300HS
3882,FA-330L
3885,FAD
3887,FB-230L
11036,FB-230L-STNDKNB
11035,FB-230L-UMBKB
10503,FB-TGSMA
10149,FBD-RFLCTR
3889,FBD-S-28
3890,FBD-S-34
3891,FBD-S-40
10150,FBD-SPDRNG
3892,FBD-W-28
9362,FBD-W-28-EXDIFF
3893,FBD-W-34
3894,FBD-W-40
10636,FBD-W-DIFFSC
3901,FCM
3902,FCR
3903,FCS
10286,FCS-1428
3904,FD-100
3905,FD-1000
3906,FD-110
8102,FD-1400
8103,FD-1410
8104,FD-1420
8105,FD-1430
8106,FD-1500
8107,FD-1510
8124,FD-1520
8381,FD-1600
10364,FD-1600-CS
3910,FD-200
10044,FD-200-GLDRFLTR
3911,FD-210
3912,FD-300
3913,FD-310
3914,FD-320
3915,FD-400
3916,FD-410
3917,FD-500
3918,FD-600
3919,FD-610
3920,FD-700
3921,FD-800
3922,FD-830
3923,FD-900
3924,FDN
3925,FEL
3926,FEL-M2
3927,FEV
10361,FF-2S-QR
3928,FF-OF4
3929,FF-OF7
3930,FF-OSB55
8825,FF-OSB6-EX-DIFF
8826,FF-OSB6-ROD
3931,FF-OSB60
8957,FF-OSB60-ROD
3932,FF-OSB80
10360,FF-PRO2S-QR
3933,FF-S1
3934,FF-S4
3935,FF-SA4
3936,FF-SB50
8835,FF-SB50-CB
8836,FF-SB50-DIFF
8834,FF-SB50-ROD
8833,FF-SB50-SH
3937,FF-SB70
11288,FF-SB70-ROD
8823,FF-SB70-SB
9693,FH-150-14M-FCS
3956,FHM
3957,FHS
3958,FKW
3959,FL1000-KI
3963,FLRSCNT-MNT-ASSMBLY
3972,FP-4367BS
3973,FP-4367D
3974,FP-4367GS
3975,FP-4367GW
3976,FP-4367SW
3977,FP-4367Z
3978,FP-4367Z1
3979,FP-5982BS
3980,FP-5982D
3981,FP-5982GS
3982,FP-5982GW
3983,FP-5982SW
3984,FP-5982Z
3985,FP-5982Z1
3986,FPA-4367
3987,FPA-5982
3988,FPA-CB4367
3989,FPA-CB5982
3993,FPF-BS4367
3994,FPF-BS5982
3995,FPF-D4367
3996,FPF-D5982
3997,FPF-GS4367
3998,FPF-GS5982
3999,FPF-GW4367
4000,FPF-GW5982
4001,FPF-SW4367
4002,FPF-SW5982
4003,FPF-Z14367
4004,FPF-Z15982
4005,FPF-Z4367
4006,FPF-Z5982
4011,FRC-22
8157,FRC-22-BLB
8982,FRC-22-CRCS
10081,FRC-22-GSNCK
9004,FRC-22/24-AC-C
4012,FRC-24
8983,FRC-24-CRCS
10827,FRC-24-GSNCK
9552,FRC-RL19
9584,FRC-RL19CASE
9585,FRC-RL19LAMPL
9586,FRC-RL19LAMPM
9587,FRC-RL19LAMPS
9568,FRC-RLSL
9609,FRC-RLSLLAMP
4013,FRK
4014,FRL
4019,FSC-24DV
4020,FSC-24DVK
4021,FSC-26DV
4022,FSC-26DVK
4023,FSCA-24YH
4024,FSCA-24YV
4025,FSCA-26BC
4026,FSCA-26YH
4027,FSCA-26YV
4028,FSCA-C24
4029,FSCA-C26
4030,FSCA-D24
4031,FSCA-D26
4036,FSH
11191,FSP-BMPCC
11197,FSP-C1DXII
11196,FSP-C5DIV
11195,FSP-C80D
11193,FSP-CG9X
11192,FSP-CSX720HS
11194,FSP-CT6I
11199,FSP-FXPRO2
11198,FSP-FXT2
11200,FSP-ND3400
11201,FSP-ND810
11202,FSP-OEM1
11203,FSP-PG85
11205,FSP-SA6500
11206,FSP-SA7II
11204,FSP-SRX100
4040,FT-160
4048,FT-X-400
4041,FTA-TTL-C
4042,FTA-TTL-CR
4044,FTA-TTL-N
4045,FTA-TTL-NR
4047,FTK
10620,FVL
4097,FW-IRC
8507,FW-MS
10305,FW-MS-TRMT
8508,FW-MSR
9056,FW-PH-30
4104,FW-V
4105,FW-VC
4106,FW-VC-AV-CABLE
4107,FW-VC-CS
4108,FW-VC-MN
4109,FW-VL
4110,FW-VN
9938,FWB-24-SMI
9939,FWB-24-SMIR
8752,FWB-24C
8753,FWB-24N
8754,FWB-24R
8161,FWB-BAT-COV
4092,FWB-C
4093,FWB-CR
4094,FWB-N
4095,FWB-NR
4096,FWB-R
8126,FWB-S2
8125,FWB-S2R
4098,FWIRC-C
4099,FWIRC-N
4100,FWM-N
10934,FWM-N-TRNS
4111,FXL
4114,GCA
4115,GCC
4116,GDA
10348,GLA
4122,GLF
4123,GP-10C
4124,GP-10N
8230,GPL-40
8275,GPMK-22
10071,GPMK-22-LNGTS
10072,GPMK-22-MIBRCKT
10070,GPMK-22-SHTS
10069,GPMK-22-X/Y-MIC
10949,GPMK-H5
4131,GSP-2.7
4132,GSP-3
4133,GSP-5DII
4134,GSP-C5DIII
4135,GSP-C60D
4136,GSP-C6D
4137,GSP-C7D
4138,GSP-C7DII
4139,GSP-CG12
4140,GSP-CG15
4141,GSP-CG1X
4142,GSP-CT2I
4143,GSP-CT3I
4144,GSP-CT5
4145,GSP-FX100T
4146,GSP-FXT1
4147,GSP-N1V1
4148,GSP-ND300S
4149,GSP-ND3100
4150,GSP-ND4
4151,GSP-ND5100
4152,GSP-ND5300
4153,GSP-ND700
4154,GSP-ND7000
4155,GSP-ND750
4156,GSP-ND800
4157,GSP-ND90
4158,GSP-PG10
4159,GSP-PLX5
4160,GSP-SA7
4161,GSP-SN5
4162,GSP-SRX100
11333,GSPU-BMPCC
4163,GSPU-C1DX
4164,GSPU-C5DII
4165,GSPU-C5DIII
4166,GSPU-C60D
4167,GSPU-C6D
4168,GSPU-C70D
4169,GSPU-C7DII
4170,GSPU-CG1X
8515,GSPU-CG7X
11334,GSPU-CM3
11335,GSPU-CM5
4171,GSPU-CSL1
4172,GSPU-CT3I
4173,GSPU-CT4I
4174,GSPU-CT5
4175,GSPU-CT5I
4176,GSPU-FX10
4177,GSPU-FX100T
10458,GSPU-FX70
4178,GSPU-FXPRO1
10363,GSPU-FXPRO2
4179,GSPU-FXT1
9725,GSPU-FXT10
4180,GSPU-N1V1
4181,GSPU-ND300S
4182,GSPU-ND3200
11336,GSPU-ND3400
4183,GSPU-ND5100
4184,GSPU-ND5300
4186,GSPU-ND7000
4187,GSPU-ND750
4188,GSPU-ND800
4189,GSPU-OEM1
4190,GSPU-OEM5
4191,GSPU-PGH4
4192,GSPU-SA7R
9430,GSPU-SA7RII
4193,GSPU-SNEX7
9776,GT10-110B
9777,GT10-110W
9772,GT10-155B
9774,GT10-155R
9773,GT10-155W
9775,GT10-155Y
9770,GT10-212B
9771,GT10-212G
9767,GT10-230B
10031,GT10-230CAMO
9768,GT10-230G
9762,GT10-255B
9764,GT10-255G
9765,GT10-255R
9763,GT10-255W
9766,GT10-255Y
9761,GT10-355B
9779,GT10-MP18B
9778,GT10-MP18BWG
9780,GT15-0527R
9782,GT15-0527W
9781,GT15-0527Y
9792,GT20-0525NG
9795,GT20-0525NO
9793,GT20-0525NP
9794,GT20-0525NY
9791,GT20-MP0566
9787,GT30-150NG
9789,GT30-150NO
9821,GT30-150NP
9788,GT30-150NY
9786,GT30-250NG
9784,GT30-250NO
9783,GT30-250NP
9785,GT30-250NY
9790,GT30-MP18
9769,GT40-218CAU
4206,HCA-10MB
4207,HCA-12MB
4208,HCA-20MB
4209,HCO-10MB
10495,HDM-16-S
4372,HDR-10
8259,HDR-10--W-S
4383,HGS-1
4384,HGS-2
4385,HGS-3
4386,HH-IC
8254,HH-IC-DTS
4387,HMA-41
11207,HMA-41-ADPT
4389,HPA-4X2
10368,HPA-4X2-PA
4390,HPC-A10
4391,HPC-A30
8984,HPD-I50
10615,HPL-575/120
10617,HPL-750/115
10618,HPL-750/120
10616,HPL-X-575/120
10619,HPL-X-750/120
4398,HSA-CCS
8642,HSA-CSASM
4399,HSA-CSC
4400,HSA-CSMSA
4401,HSA-PCS
4402,HSA-PCU
4403,HSA-PSC
4404,HSA-PSN
4405,HSA-PSS
4406,HSA-PSU
4407,HSA-PVU
4408,HSS-24
9711,HSS-24-BGSTRP
10131,HSS-24-EXDIFF
9473,HSS-24-HNDLASM
10132,HSS-24-INDIFF
4409,HSSG-24
4410,I100
4411,I55
4422,IAI-500
4436,IM-CKE2
4437,IM-CZ2
4445,IM-VC-500-SB-BL
4448,IM-VC-500-SB-IN-DF
4511,IR-C1
4513,IR-C2
4514,IR-M
4520,IR-N1
4522,IR-N2
4523,IR-O1
4524,IR-P1
4525,IR-S1
8621,IR-SC
8624,IR-SN
8625,IR-SO
8623,IR-SP
8626,IR-SPC
8629,IR-SPM
8628,IR-SPP
8627,IR-SPS
8622,IR-SS
4526,IR-STV
4515,IRM-C
4516,IRM-N
4517,IRM-O
4518,IRM-P
4519,IRM-S
4529,JC12V50WH2
4530,JCD120300
4531,JCD240500
10345,JDD-100W120V
10347,JDD-150W120V
10346,JDD-250W120V
4534,KCP-200
9340,KCP-200-KNB
8338,KCP-200-SPRNG
4535,KCP-200B
9341,KCP-200B-KNB
4536,KCP-220B
4537,KCP-220P
4538,KCP-240
4539,KCP-240B
8252,KCP-290B
4540,KCP-700B26
4567,LA-C-CEF
4573,LA-C-NAF
4574,LA-C-NAFII
4568,LA-CEF-CFD
4569,LA-CEF-LR
4570,LA-CEF-M42
4571,LA-CEF-NAF
4572,LA-CEF-T
4577,LA-MFT-CEF
4578,LA-MFT-CFD
4579,LA-MFT-LM
4580,LA-MFT-LR
4581,LA-MFT-NAF
4582,LA-MFT-T
4583,LA-NEX-CEF
8055,LA-NEX-CEF-SCRW
4584,LA-NEX-LM
4585,LA-NEX-NF
4586,LA-NEX-NG
9152,LA-NEX-NGII
4587,LA-NEX-T
4588,LA-NF-T
4589,LA-PK-T
4590,LA-SA-T
4575,LAE-CM-CEF
9155,LAE-MFT-CEF
11119,LAE-MFT-CEFA
4576,LAE-MFT-FT
9151,LAE-SE-CEF
9841,LAE-SE-NF
10504,LAE-SE-NFV4
10761,LAE-SE-NFV4-FC
10762,LAE-SE-NFV4-RC
9126,LAG-NEX-CEF
9385,LAG-NEX-NF
4591,LB-230
10727,LB-230-CLDSH
4592,LB-230L
4593,LB-430L
9335,LB-430L-CLDASM
4594,LB-430L-LCK-SH-SCRW
8109,LB-O-C
11372,LB-O-C-ROD
4633,LB-O-L
4634,LB-O-M
10767,LB-O-M-EXDIFF
10769,LB-O-M-INDIFF
8339,LB-O-M-ROD
10766,LB-O-M-SHLL
4640,LB-O-S
4641,LB-O-XSD
8108,LB-OD-C
4618,LB-OD-L
8840,LB-OD-L-ROD
4619,LB-OD-M
8341,LB-OD-M-ROD
4620,LB-OD-S
8970,LB-OD-S-EX-DIFF
8971,LB-OD-S-IN-DIFF
4621,LB-OD-SD
8832,LB-OD-SD-CB
8830,LB-OD-SD-EX-DIFF
8831,LB-OD-SD-IN-DIFF
8829,LB-OD-SD-ROD
4622,LB-OD-XSD
9917,LB-OD-XSD-ROD
4644,LB-QL300
4659,LB-R-L
10626,LB-R-L-EXDIFF
10627,LB-R-L-IN-DIFF
9734,LB-R-L-SHL
4660,LB-R-M
9355,LB-R-M-EXDIFF
9356,LB-R-M-INTRLDIFF
4666,LB-R-S
9007,LB-R-X-L-CRCS
4667,LB-R-XL
8343,LB-R-XL-RODS
4668,LB-R-XS
4645,LB-RD-L
8342,LB-RD-L-RODS
4646,LB-RD-M
9357,LB-RD-M-EXDIFF
10990,LB-RD-M-INDIFF
8362,LB-RD-M-ROD
10989,LB-RD-M-SHLL
4647,LB-RD-S
8519,LB-RD-S-EXDIFF
8518,LB-RD-S-RD
4648,LB-RD-XL
10797,LB-RD-XL-RD
4669,LB-SQD-L
4670,LB-SQD-L-EX-DIFF
4671,LB-SQD-L-IN-DIFF
4672,LB-SQD-L-RD
8340,LB-SQD-L-RODS
4673,LB-SQD-M
9908,LB-SQD-M-EXDIFF
8535,LB-SQD-M-ROD
4674,LB-SQD-S
4696,LB-ST-L
4697,LB-ST-M
10134,LB-ST-M-INDIFF
4701,LB-ST-S
4702,LB-ST-SS
8344,LB-ST-SS-RODS
4684,LB-STD-L
4685,LB-STD-M
4686,LB-STD-S
9844,LB-STD-S-EX-DIFF
9843,LB-STD-S-IN-DIF
8972,LB-STD-S-INT-DIFF
9842,LB-STD-S-SHL
4687,LB-STD-SS
10849,LB-STG-M
8110,LBG-O-C
4601,LBG-O-L
4602,LBG-O-M
4603,LBG-O-S
4604,LBG-O-SD
4605,LBG-O-XS
4606,LBG-R-L
4607,LBG-R-M
4608,LBG-R-S
4609,LBG-R-XL
4610,LBG-R-XS
4611,LBG-SQ-L
4612,LBG-SQ-M
4613,LBG-SQ-S
4614,LBG-ST-L
4615,LBG-ST-M
4616,LBG-ST-S
4617,LBG-ST-SS
4623,LBO-FD-L
4624,LBO-FD-M
4625,LBO-FD-S
4626,LBO-FD-SD
4627,LBO-FD-XS
4628,LBO-IB-L
4629,LBO-IB-M
4630,LBO-IB-S
4631,LBO-IB-SD
4632,LBO-IB-XS
4635,LBO-RR-L
4636,LBO-RR-M
4637,LBO-RR-S
4638,LBO-RR-SD
4639,LBO-RR-XS
4642,LBP-RR-LMSXL
4643,LBP-RR-M
4661,LBR-RR-L
4662,LBR-RR-M
4663,LBR-RR-S
4664,LBR-RR-XL
4665,LBR-RR-XS
4681,LBSQ-RR-L
4682,LBSQ-RR-M
4683,LBSQ-RR-S
4698,LBST-RR-L
4699,LBST-RR-M
4700,LBST-RR-S
4439,LGHT-STND-CLR-75MM
4440,LGHT-STND-CLR-80MM
4438,LGHT-STND-CLR-85MM
4792,LHC-DC60
4793,LHC-DC80
4794,LHC-ES52
4795,LHC-ES62
10546,LHC-ES68
4797,LHC-ES71II
4799,LHC-ES78
4800,LHC-ES79II
10547,LHC-ET54B
4801,LHC-ET60
4803,LHC-ET63
4804,LHC-ET64II
4806,LHC-ET65B
4808,LHC-ET65III
4810,LHC-ET67
4812,LHC-ET67B
4814,LHC-ET73
4816,LHC-ET73B
4817,LHC-ET73BW
4818,LHC-ET74
4820,LHC-ET74W
4821,LHC-ET83C
4823,LHC-ET83II
4825,LHC-ET86
4827,LHC-ET86W
4828,LHC-ET87
4829,LHC-ET87W
4830,LHC-EW43
4831,LHC-EW54
4832,LHC-EW60C
4834,LHC-EW60CT
11265,LHC-EW60F
4835,LHC-EW60II
4836,LHC-EW63C
4837,LHC-EW63II
4839,LHC-EW65B
4840,LHC-EW65II
10956,LHC-EW72
4842,LHC-EW73B
8173,LHC-EW73BF
4844,LHC-EW73C
10288,LHC-EW73D
4845,LHC-EW73II
4847,LHC-EW75II
4849,LHC-EW78BII
4851,LHC-EW78D
4853,LHC-EW78E
4855,LHC-EW83E
4857,LHC-EW83F
4859,LHC-EW83G
4860,LHC-EW83H
4862,LHC-EW83J
4864,LHC-EW83L
10544,LHC-EW83M-F
4865,LHC-EW88
4866,LHC-EW88C
4867,LHC-MPE
4869,LHF-X10
4870,LHF-X100
4871,LHF-X100B
4872,LHH-60100
4874,LHH-6038
4876,LHH-6080
4894,LHN-HB23
4896,LHN-HB25
4898,LHN-HB29
4900,LHN-HB31
4902,LHN-HB32
4904,LHN-HB35
4906,LHN-HB36
9935,LHN-HB36-F
4908,LHN-HB37
4910,LHN-HB39
4912,LHN-HB4
4913,LHN-HB40
4915,LHN-HB45
4917,LHN-HB46
4919,LHN-HB47
4920,LHN-HB48
4921,LHN-HB50F
4922,LHN-HB53
4923,LHN-HB57
4924,LHN-HB58F
4925,LHN-HB69
4926,LHN-HB7
4928,LHN-HBN101
4929,LHN-HBN104
10545,LHN-HBN106
4930,LHN-HN1
4932,LHN-HN2
4934,LHN-HN22
4935,LHN-HN23
4936,LHN-HN3
4938,LHN-HN31
4939,LHN-HNCP17
4940,LHN-HR2
4942,LHO-43
4943,LHO-48
4944,LHO-55B
4945,LHO-61C
4946,LHO-61D
4947,LHO-61E
4948,LHO-LH40
4949,LHO-LH40B
4950,LHO-LH49
4951,LHO-LH61F
4952,LHO-LH66F
4953,LHP-PHRBA
4955,LHP-S49
4983,LHS-52II
4984,LHS-55II
4985,LHS-58II
4986,LHS-62II
4987,LHS-67II
4988,LHS-72II
4989,LHS-77II
4990,LHS-82II
5000,LHS-LHP1
5001,LHS-SH0007
5002,LHS-SH108
5003,LHS-T18
5004,LHT-P18200
5005,LHT-P18270
5006,LHT-P2875
5007,LHV-2.7
5008,LHV-3.0
5009,LHV-3.5
8288,LKB-1
5016,LKB-4
5017,LKB-4B
11242,LKB-4B-STRP
11364,LKB-4C
5018,LKB-5
5019,LKB-5B
11363,LKB-5C
5020,LKB-JR
10085,LKB-R1
10086,LKB-R2
10078,LKB-RCS
8956,LM-FSA1040
10505,LM-FSA1040-GLHLD
8953,LM-SD12
8954,LM-SD20
9061,LM-SPLB
9059,LM-TBGS32
9060,LM-TRD32
5047,LR-9901YSP1H
9667,LRC-C10
9752,LRC-N10
9753,LRC-SE10
5048,LS-10AB
10912,LS-10AB-BC
8333,LS-10AB-KN
10911,LS-10AB-MC
10910,LS-10AB-TC
10686,LS-10ABI
5050,LS-13HAB
10684,LS-13HABI
10892,LS-13HABI-COL-SHM-ST
5051,LS-13HB
10685,LS-13HBI
5053,LS-3S
5054,LS-3SB
5055,LS-6B
8332,LS-6B-FP
5056,LS-8A
8326,LS-8A-6B-FTK
8323,LS-8A-6B-KB
8322,LS-8A-BC
8321,LS-8A-MC
8320,LS-8A-TC
10333,LS-8AI
5057,LS-96HAB
8335,LS-96HAB-13HAB-FP
8436,LS-96HAB-13HAB-KNB
8437,LS-96HAB-13HAB-SHM
10683,LS-96HABI
10891,LS-96HABI-COL-SHM-ST
5071,LS-CB6
10111,LS-CB6-SNDBG
11250,LS-CB6-SPGKNB
8156,LS-CB6-T-K
10302,LS-CB6-TKLB
5072,LS-CS20M
5073,LS-CS20MB
5074,LS-CS20MBK
5075,LS-CS20MK
5076,LS-CS30M
5077,LS-CS30MB
5078,LS-CS40M
9870,LS-CS40M-BTSHM
9872,LS-CS40M-COLKB
9871,LS-CS40M-LGKB
9869,LS-CS40M-TPSHM
5079,LS-CS40MB
5080,LS-CS40MBK
9343,LS-CS40MBK-COLKB
9342,LS-CS40MBK-LGKB
5081,LS-CS40MK
10226,LS-CT-WSHR
5082,LS-CT20M
5083,LS-CT20MB
5084,LS-CT20MBR
5085,LS-CT20MK
5086,LS-CT20MR
5087,LS-CT30M
5088,LS-CT30MB
5089,LS-CT30MBK
5090,LS-CT30MBR
5091,LS-CT30MK
5092,LS-CT30MR
5093,LS-CT40M
5099,LS-CT40M-RUB-FET
5094,LS-CT40MB
5095,LS-CT40MBK
5096,LS-CT40MBR
5097,LS-CT40MK
10350,LS-CT40MK-LGKB
5098,LS-CT40MR
5100,LS-CTBS
5101,LS-CTBSB
5105,LS-K4
8347,LS-R7L-COLLARS
5133,LS-RL7
8099,LS-RL7-3/8-1/4-ADP
8353,LS-RL7-ADPTR
8358,LS-RL7-KNB-BLT
9300,LS-RL7-LGLKASM
5134,LS-SL40M2
5135,LS-SL40MBK2
5136,LS-SL40MK2
5137,LS-TB20M2
5138,LS-TB20MK2
5139,LS-TB40M2
5141,LS-TB40MBK2
5142,LS-TB40MK2
5058,LSA-BAC
11137,LSA-BAMR
5059,LSA-BAS
5060,LSA-BASB
8372,LSA-BASB-TP-CLR
5061,LSA-BAWM
5062,LSA-BAWMB
5063,LSA-BAWMBL
5064,LSA-BC
8822,LSA-BC-SPRNG
5065,LSA-CW10
10998,LSA-CW10-HANDASM
5066,LSA-CW15
5067,LSA-CW3
5068,LSA-LW22
8058,LSA-LW22-WLC
5069,LSA-LW25
5070,LSA-TBC
9697,LSA-TBC-KNB
10494,LSA-TBC-STNMT
9883,LSA-WMB7HD
10948,LSA-WMB7HD-RSR
5102,LSI-LB
5107,LSP-FBCH
5108,LSP-K10
5109,LSP-KA15
5110,LSP-KS9
5111,LSP-L13
5113,LSP-SBK
5114,LSP-SFB10
5115,LSP-SFB11
9053,LSP-SFB11-SHM
5116,LSP-SFB5
5117,LSP-SFB8
9257,LSP-SFB8-WHL
5118,LSP-SFB9
5119,LSP-SFBCH11
5120,LSP-SFBCH4
10191,LSP-SFBCH4-TPSH
5121,LSP-SL3
5122,LSP-SLCH14
5123,LSP-SLCH3
5124,LSP-SLCH6
5125,LSP-SW10
10329,LSP-SW10-WHL
5126,LSP-SW14
5127,LSP-SW9
5128,LSP-SWCH11
5129,LSP-SWOH14
5130,LSP-SWOH19
5131,LSP-SWUP12
10121,LW-100
11311,MA-2
11312,MA-3
11307,11-Mar
11308,13-Mar
5364,ME-100
5365,ME-102
5366,ME-103
5367,ME-104
5368,ME-106
5369,ME-107
9390,ME-107-SPCLP
5370,ME-108
5371,ME-109
11285,ME-109P
11155,ME-110
10768,ME-111
11156,ME-112
5372,ME-113
5373,ME-114
5374,ME-115
5375,ME-116
5376,ME-117
5377,ME-118
5378,ME-119
5379,ME-120
5381,ME-122
11090,ME-122P
5382,ME-123
11091,ME-123P
5383,ME-124
5384,ME-125
8955,ME-126
5398,MLT-C100
5399,MLT-C200
5426,MO-PL1
5427,MP-10
5428,MP-15
5429,MP-25
9384,MPH-100
9581,MPH-P8
5432,MR-99121
5492,NBS-2X
10634,NBS-2X-CSPLK
10301,NBS-2X-SCBSH
5493,NBS-DS
5534,OASP-C7DII
5535,OASP-CT5
5536,OASP-FX100T
5537,OASP-FXT1
5538,OASP-ND5300
5539,OASP-ND750
5540,OASP-SA7R
5598,OC6-CASE-KIT
5599,OC9-CASE-KIT
5600,OCD-U3
5602,OCD-U33
5604,OCD-U6
5619,OCS-C1.5
5620,OCS-C3
5622,OCS-C33
5623,OCS-C6
9041,OCS-FAC
9040,OCS-FAN
5625,OCS-N1.5
5626,OCS-N3
5628,OCS-N33
5629,OCS-N6
5631,OCS-OP3
10139,OCS-OP3II
5632,OCS-P3
5633,OCS-S1.5
5634,OCS-S3
5636,OCS-S6
10203,OCS-SMI15
8961,OCS-SMI3
10205,OCS-SMI33
10204,OCS-SMI6
10037,OCS-TTL-CLDSH
5638,OCTACOOL-6
9565,OCTACOOL-6-9-EXDIF
8431,OCTACOOL-6-9-HNDL
9564,OCTACOOL-6-9-INDIF
9382,OCTACOOL-6-9-SFTBX
5639,OCTACOOL-9
8827,OCTACOOL-RODS
10092,OCTACOOL-SPRNG
8432,OCTACOOL6-9-SKT
8433,OCTACOOLL-6-9-HDL-LT
5652,OLM-10
10805,OLM-10-20-ADPT
10806,OLM-10-20-MC
10807,OLM-10-20-WS
5655,OLM-20
10694,PA-5150
5857,PBSB-2436
9849,PBSB-2436-EX-DIFF
10063,PBSBG-2436
10158,PBSS-1630
10159,PBSSG-1630
10566,PCR-65
8098,PFRK-P
5893,PL-2W
5894,PL-2WC
5895,PL-4
8255,PL-4-5-MC
8256,PL-4-5-WS
5896,PL-5
5897,PL-5-TA3
10638,PLB-200
10639,PLB-210
6125,POWERSYNC16A
6126,POWERSYNC16D
9848,POWERSYNC16D-BAT-COV
6127,POWERSYNC16T
9846,POWERSYNC16T-BAT-COV
9847,POWERSYNC16T-SY-CRD
6164,PS-80
6202,PSFTW-T
6203,PSFTW-TTLC
6211,PSL-C
6212,PSL-N
6213,PSL-R
6217,PT-100
8792,PT-100-HEX-SCREW
10263,PT-100-SCRW
6223,PT-AC16
6224,PT-AC16R
6225,PT-AC4
6226,PT-AC4R
6228,PTC-C1
6229,PTC-C2
6230,PTC-N1
6231,PTC-N2
6232,PTC-N3
6233,PTC-O1
6234,PTC-P1
6235,PTC-S1
6260,PV-7450
6263,QB-BKT
8793,QB-BKT-BRKT
8469,QB-BKT-LOLPOP
6274,QB-QS
6275,QB-QSP
9540,QB-QSP-FLGHLD
10782,QB-QSP-SHS
8494,QB-QSP-WSHR
6276,QB-SB15
6277,QB-SB24
9674,QB-SB24-EXDIFF
9675,QB-SB24-INDIFF
6278,QB-SB30
6264,QBG-15
6265,QBG-24
6266,QBG-30
6270,QBP-G-12
6271,QBP-G-22
6272,QBP-G-30
6273,QBP-TF-12
6284,QRA-501L
6285,QRA-501S
6290,QRP-501L
6291,QRP-501S
10947,QRP-601
6332,R-7122
6333,R-7132
10077,R-7132-RFCVR
6334,R-7142
6335,R-714272
6304,R1122
9370,R1122-RZS
6305,R1132
9005,R1132-RS
9116,R1132-STS
6306,R1142
10148,R1142-BGSC-16
9368,R1142-RZS
6307,R1312
6308,R1322
6309,R1332
6310,R134174
6311,R1342
6312,R1352
6313,R1412
6314,R1422
6315,R1432
6316,R144174
6317,R1442
6318,R1452
6319,R1612
6320,R1622
6321,R1632
6322,R164174
6323,R1642
6324,R1652
6325,R1812
6326,R1822
6327,R1832
6328,R184174
6329,R1842
6330,R1852
10640,R2522-51
10641,R2522-GS
10642,R2522-GW
10643,R2522-SGW
10644,R2522-SW
10645,R2522-T
10646,R2532-51
10674,R2532-GS
10647,R2532-GW
10648,R2532-SGW
10649,R2532-SW
10650,R2532-T
10651,R2542-51
10652,R2542-GS
10653,R2542-GW
10654,R2542-SGW
10655,R2542-SW
10656,R2542-T
10657,R2552-GS
10658,R2552-GW
10659,R2552-SGW
10660,R2552-SW
10661,R2552-T
11189,RAB-15LWS
9492,RB-CPS-20
6340,RB-HCS-30
6341,RB-HCS-60AL
6342,RB-HCS-60AM
6343,RB-HCS-60AS
8712,RB-HCS-60AS-FOOT
8711,RB-HCS-60AS-FYH
8713,RB-HCS-60AS-SCREW
8128,RBD-C10
8129,RBD-C20
8130,RBD-C30
6344,RBN-20PLATE
6345,RBN-20S
9941,RBN-20S-FT
8310,RBN-GCMR
6346,RBNP-05R
9669,RBNP-05R-V2
10954,RBNP-05R-V2-HND
6347,RBNP-40L
10794,RBNP-40L-BSRD
10817,RBNP-40L-CW
6348,RBNP-40PLATE
6349,RBNP-5PLATE
6350,RBRS
9124,RC-77-U
6356,RC-C1
6358,RC-C1II
6359,RC-C2
6361,RC-C2II
6405,RC-LMC
9371,RC-LMCII
6406,RC-LMN
9372,RC-LMNII
6408,RC-N1
6410,RC-N1II
6411,RC-N2
6413,RC-N2II
9055,RC-P1II
10745,RC-P2II
6416,RC-REC-TRNS
9054,RC-S2II
6354,RCB-TC
6355,RCB-TN
6362,RCC-C1
6364,RCC-C1-2.5
6365,RCC-C1-3.5
6366,RCC-C2
6368,RCC-C2-2.5
6369,RCC-C2-3.5
6370,RCC-F1-2.5
6371,RCC-N1
6373,RCC-N1-2.5
6374,RCC-N1-3.5
6375,RCC-N2
6377,RCC-N2-2.5
6378,RCC-N2-3.5
6379,RCC-N3
6381,RCC-N3-2.5
6382,RCC-N3-3.5
6383,RCC-O1
6385,RCC-O1-2.5
6386,RCC-O1-3.5
6387,RCC-O2
6388,RCC-O2-2.5
6389,RCC-O2-3.5
6390,RCC-O3-2.5
6391,RCC-O3-3.5
6392,RCC-P1
6393,RCC-P1-2.5
6394,RCC-P1-3.5
6395,RCC-S1
6397,RCC-S1-2.5
6398,RCC-S1-3.5
6399,RCC-S2-2.5
6400,RCC-S2-3.5
10942,
10946,
10945,
10943,
10944,
6417,RCW-C1
6419,RCW-C2
6421,RCW-C2-RECV
8068,RCW-C2-TRANS
6422,RCW-II-C
6423,RCW-II-C1
6424,RCW-II-C2
6425,RCW-II-N
6426,RCW-II-N1
6427,RCW-II-N2
6428,RCW-II-N3
6430,RCW-II-O2
6431,RCW-II-O3
6432,RCW-II-OP
6433,RCW-II-P1
6434,RCW-II-R
6435,RCW-II-S1
6436,RCW-II-S2
6437,RCW-N1
6439,RCW-N2
6441,RCW-R
6442,RCW-REC
6443,RCW-S1
6445,RCW-S2
6449,RECC1-10
6450,RECC2-10
6451,RECN1-10
6452,RECV-HOLD
6468,RFW-C
6471,RFW-C-RECV
6474,RFW-C-TRNS
6469,RFW-CP
6470,RFW-CR
6472,RFW-CRP
6473,RFW-CRP-TRANS
6475,RFW-LR
6476,RFW-LR-R
6477,RFW-N
6480,RFW-N-RECV
6478,RFW-NP
6479,RFW-NR
6481,RFW-NRP
6482,RFW-S
6483,RFW-SR
6484,RIGVISION-PARTS
6485,RIGVISION-PARTS-BAT
6486,RIGVISION-PARTS-CHR
6487,RIGVISION-PARTS-RM
6489,RM-CEF
6490,RM-RR
11360,RM-ULWS
6495,RP-2839
8989,RP-2839-BRKT
9922,RP-2839-GLDFB
8988,RP-2839-ROD
6496,RP-3570
8993,RP-3570-BKFB
8991,RP-3570-BRKT
8992,RP-3570-GLDFB
8990,RP-3570-ROD
6498,RPA-HOLDER
6499,RPA-R39
6500,RPA-R70
6501,RPF-BW39
6502,RPF-BW70
6503,RPF-CGW39
6504,RPF-CGW70
6505,RPF-SW39
6506,RPF-SW70
6507,RPF-WG39
6508,RPF-WGS70
6509,RPF-WGW39
6510,RPF-WGW70
6521,RS-C1
6523,RS-C1II
6524,RS-C2
6526,RS-C2II
6527,RS-N1
6529,RS-N1II
6530,RS-N2
6532,RS-N2II
6533,RS-O1II
6534,RS-O3II
6535,RS-P1II
6536,RS-S1
6538,RS-S1II
6539,RS-S2II
8231,RSC-C1-25
8232,RSC-C2-25
8236,RSC-F1-25
8233,RSC-N1-25
8234,RSC-N2-25
8235,RSC-N3-25
8238,RSC-O2-25
8237,RSC-O3-25
8241,RSC-P1-25
8239,RSC-S1-25
8240,RSC-S2-25
6540,RST-001
10355,RST-001-FT
8499,RST-001-SCRW
6557,RW-C1
6559,RW-C2
6570,RW-LNYRD-KECH
6571,RW-N1
6573,RW-N2
6575,RW-RECV
6576,RW-S1
6561,RWII-C
6562,RWII-N
6563,RWII-RECV
6564,RWII-S
6566,RWII-S-REC
6565,RWII-S2
6567,RWII-TRANS
10126,RWII-TRANS-BTN
6568,RWII-TRNS
6597,S3233
6598,S3243
6599,S3533
6600,S3543
6612,SB-15B
6613,SB-15O
6614,SB-20B
6615,SB-20O
6616,SB-25B
6617,SB-25O
6618,SB-35B
6619,SB-5B
6620,SB-5O
6621,SB-6080
9013,SB-6080-EXDIFF
9014,SB-6080-INTDIFF
8828,SB-6080-ROD
9012,SB-6080-SB
6624,SBE-18B
6625,SBE-18O
6626,SBE-27B
6627,SBE-27O
6628,SBE-35B
6629,SBE-35O
8440,SBE-B-15
8442,SBE-B-18
8444,SBE-B-20
8446,SBE-B-27
8448,SBE-B-35
8438,SBE-B-5
8441,SBE-O-15
8443,SBE-O-18
8445,SBE-O-20
8447,SBE-O-27
8449,SBE-O-35
8439,SBE-O-5
6622,SBE15
6623,SBE15O
6630,SBE5
6631,SBE5O
8452,SBF-B-15
8454,SBF-B-18
8456,SBF-B-20
8458,SBF-B-25
8462,SBF-B-27
8460,SBF-B-35
8450,SBF-B-5
8453,SBF-O-15
8455,SBF-O-18
8457,SBF-O-20
8459,SBF-O-25
8463,SBF-O-27
8461,SBF-O-35
8451,SBF-O-5
6634,SBP-10
11167,SBP-10-3/8-THSD
11166,SBP-10-5/8-ADPT
11168,SBP-10-BTCP
8465,SBS-B-10
8466,SBS-B-15
8467,SBS-B-25
8468,SBS-B-35
8464,SBS-B-5
6660,SC-1815
6661,SC-1825
6664,SC-3215
6665,SC-3230
6666,SC-4150
6685,SCL-1075
8305,SCL-1075-MIC-MOUNT
8306,SCL-1075-SH-M
8392,SCL-1075-WND-SCRN
6688,SCP-105
6694,SCS-M18
6695,SCS-MPC
6697,SDC-2150
6698,SDC-2150-MP
6784,SE-10
6785,SE-200
6786,SE-300
6787,SE-400
6790,SF-32-120
6791,SF-ABRL160
6792,SF-AE56
6793,SF-AE80
6794,SF-BDK
9921,SF-BDK-BRNDR
6795,SF-BDK-GRD
6796,SF-DSXN40
6797,SF-DSXN70
6798,SF-DTN40
6799,SF-DTW24
6800,SF-DTWX24
6801,SF-SNT
10508,SFM-1540-MC
10509,SFM-1540-MN
10510,SFM-1540-MSFE
10511,SFM-6028-MC
10512,SFM-6028-MN
6803,SHB-10
6804,SHB-15
6805,SHB-25
6806,SHB-35
6807,SHB-5
9395,SHIM-LS-25-NH
9397,SHIM-LS-28-H
9392,SHIM-LS-28-NH
9396,SHIM-LS-3-15-H
9394,SHIM-LS-31-5-NH
9393,SHIM-LS-35-H
9399,SHIM-LS-LG-BT
9398,SHIM-LS-LG-T
9594,SMS-45A
6896,SN-1000
8179,SN-1000-COL-FLT
6897,SN-1000-E
6979,SP-UM
9042,SP-UM-SCKT-ASM
6958,SPSO-5DII
6959,SPSO-C5DIII
6960,SPSO-C60D
6961,SPSO-C6D
6962,SPSO-C7D
6963,SPSO-C7DII
6964,SPSO-CT2I
6965,SPSO-CT3
6966,SPSO-ND300S
6967,SPSO-ND3100
6968,SPSO-ND3200
6969,SPSO-ND4
6970,SPSO-ND600
6971,SPSO-ND700
6972,SPSO-ND7000
6973,SPSO-ND7100
9367,SPSO-ND750
6974,SPSO-ND800
6975,SPSO-ND90
6976,SPSO-SN5
8964,SR-1000-HNDL
8963,SR-1000-SHPMP
9403,SR-500-QR-PLT
6983,SR-BOLT
6984,SR-BRO-L
6985,SR-BRO-S
6996,SR-COM
6997,SR-DYN
10040,SR-DYN-SCRW
6998,SR-ELI
8114,SR-ELI-SRNG
8065,SR-ELI-WASH
6999,SR-HEN
7000,SR-IMP
7002,SR-NOV
7003,SR-NOV-R
7028,SR-PCB
7029,SR-PHO
7030,SR-PRO
10321,SR-PRO-BRCKT
8981,SR-PRO-SWSN
7031,SR-QUAL
7032,SR-RING
7034,SR-SHOE-D
10319,SR-SHOE-D-FLBK
10700,SR-SHOE-D-SCRW
7035,SR-SPE
7036,SR-TOT
7005,SRP-100
7006,SRP-101
11092,SRP-101P
7007,SRP-102
7008,SRP-103
7009,SRP-104
7010,SRP-105
7011,SRP-107
7012,SRP-108
7013,SRP-109
11093,SRP-109P
7014,SRP-110
7015,SRP-112
7016,SRP-113
7017,SRP-114
7018,SRP-115
11094,SRP-115P
7019,SRP-116
11095,SRP-116P
7020,SRP-117
11096,SRP-117P
7021,SRP-118
7022,SRP-119
11097,SRP-119P
7023,SRP-120
11099,SRP-120P
7024,SRP-121
9867,SRP-121-BLT
8965,SRP-121-KNB
11154,SRP-122P
7025,SRP-123
11098,SRP-123P
7026,SRP-124
7027,SRP-125
11100,SRP-125P
11314,SRP-126
7049,ST-BDII
8960,ST-BDII-IN-MN-SC
9150,ST-BDII-SP
8178,ST-DIFF
7050,ST-GL
8174,ST-GRD-1
8175,ST-GRD-2
8176,ST-GRD-3
8177,ST-IRD
7053,ST-SII
9440,ST-SII-10-DEGRD
9441,ST-SII-20-DEGRD
7055,ST-VR
8076,STAC-LGHT
7047,STAC-LGHT-
7051,STS-DT
8284,STS-DT-HK
10293,STS-DT-PLXGLS
8286,STS-DT-STD
8285,STS-DT-WN
8272,STS-DY-WN
7052,STS-HT
11256,STS-HT-PLXGLS
7054,STS-MT
11257,STS-MT-PLXGLS
9695,STS-MT-RF
8434,SYNC-CORD
10662,T532-51
10663,T532-GW
10664,T532-SG
10665,T532-SGW
10666,T532-SW
10667,T532-TR
10668,T548-51
10669,T548-GW
10670,T548-SG
10671,T548-SGW
10673,T548-SW
10672,T548-TR
7260,T616
7315,TC-AB
7316,TC-AW
7317,TC-DB
7318,TC-DB-II
7319,TC-N1
7327,THD-3D
7366,UBBW30
7367,UBBW32
7368,UBBW45
7369,UBBW60
7370,UBW30
7371,UBW32
7372,UBW45
8650,UDS-L-51
11276,UDS-L-51I
8653,UDS-M-41
11273,UDS-M-41I
8656,UDS-S-33
11271,UDS-S-33I
8647,UDS-XL-65
11279,UDS-XL-65I
8649,UDT-L-51
11278,UDT-L-51I
8652,UDT-M-41
11275,UDT-M-41I
8655,UDT-S-33
11272,UDT-S-33I
8646,UDT-XL-65
11281,UDT-XL-65I
8651,UDW-L-51
11277,UDW-L-51I
8654,UDW-M-41
11274,UDW-M-41I
8657,UDW-S-33
11270,UDW-S-33I
8648,UDW-XL-65
11280,UDW-XL-65I
7377,ULW-16
7378,ULW-16-BBCH
10437,ULW-16-BR
10436,ULW-16-BT
7380,ULW-16-HHT
7381,ULW-16-HL
7382,ULW-16-PL4
9873,ULW-16-PL4V2
7383,ULW-16-PL5
9875,ULW-16-PL5V2
10438,ULW-16-RR
9449,ULW-16-XLR
7379,ULW-16H
8274,ULW-680
7384,ULW-96
11135,ULW-96-CRCS
7385,ULW-96-HHT
8258,ULW-96-SA
8257,ULW-96-SA-C
11163,ULW-96-V2
7386,ULW-BC
7387,ULW-BLT
7388,ULW-SM
11356,ULWS-16
11358,ULWS-16-H
11357,ULWS-216
11359,ULWS-216-H
11134,UMBRCKT-9101880-WSHR
7389,UMBRLA-BRCKT-3117
7390,UMBRLA-BRCKT-9101880
7391,UNLV-1
7392,UP-7D
7393,UP-7S
7394,UP-7T
7395,UP-7WB
7500,V-201
7501,V-2012
10473,V-2012-BRKT
8397,V-2012-BRNDR
8393,V-2012-FUSCP
8394,V-2012-GLS
10475,V-2012-LKBRKT
10327,V-2012-MNTASM
11185,V-2012-NT
8395,V-2012-RFCTR
8396,V-2012-SCRW
11186,V-2012-STS
7502,VA-902
8013,VA-902-MNT-ASSMBLY
7503,VA-903
9536,VA-903-DIFF
9962,VA-903-DIFFRD
9961,VA-903-RFCTR
7529,VB-1000
8268,VB-1000-CMS
8267,VB-1000-RAS
8266,VB-1000-SMS
7530,VB-1000BL
7531,VB-1000G
7532,VB-1000O
7533,VB-1000R
10374,VB-22-STM
8064,VC-500-BLB
4447,VC-500-EX-DIFF
8066,VC-500-IN-DIFF
9541,VC-500-MNTASM
4449,VC-500-PWR-CRD
4450,VC-500-RFLTR
7581,VC-500-RM
9006,VC-500-RM-1
4451,VC-500-ROD
4453,VC-500-SHELL
4454,VC-500-SPD-RNG
4455,VC-500-STND
4452,VC-500-SYNC-CRD
4457,VC-500-UMBRL
7577,VC-500LR
8398,VC-500LR-LRGKNB
8399,VC-500LR-SMKNB
7578,VC-500LR2K
7579,VC-500LR2K220V
7580,VC-500LR3K
7582,VC-500WL
9401,VC-500WL220V
7583,VC-500WL2K
9379,VC-500WL2K220V
10090,VC-500WL2K220VN
10088,VC-500WL2KN
7584,VC-500WL3K
10087,VC-500WL3KN
11048,VC-500WL3KN-WLDCSE
10089,VC-500WLN
7585,VC-500WLXMT
7601,
7603,
7586,VCC-10
7587,VCC-20
7588,VCC-30
7589,VCC-40
7591,
7593,
7595,
7596,VCM-101
7597,VCN-10
7598,VCN-20
7599,VCN-30
7604,VCTTL-C
7605,VCTTL-CR
7606,VCTTL-N
7607,VCTTL-NR
10365,VCTTL-PC
7608,VE-1001
7609,VE-1002
7610,VE-1003
7611,VE-1004
7612,VE-1005
7613,VE-1006
7614,VE-1007
7615,VE-1011
7616,VE-1013
7617,VE-1014
7618,VE-1015
7619,VE-1016
7621,VE-1018
7622,VE-1021
7623,VE-1022
7624,VE-1023
7625,VE-1024
7626,VE-1025
7627,VE-1026
7628,VE-1027
7629,VE-1028
7630,VE-1029
7631,VE-1030
7632,VE-1031
7633,VE-1032
7634,VE-1033
9995,VE-CBA2
9479,VE-TTL
9484,VE-TTLBAT
9485,VE-TTLCH
9486,VE-TTLFT
9489,VE-TTLG65
9487,VE-TTLGD
9491,VE-TTLHX32
9488,VE-TTLREF65
9490,VE-TTLSNOOT
9481,VE-WCC
9480,VE-WCN
9482,VE-WCSMI
9483,VE-WCSO
7635,VELLO-BAT-COV-BC-N1
7683,VM-101
7686,VM-150
7688,VM-180M
9281,VM-180M-WNDSCRN
10565,VM-2370CF/VH-11
7689,VM180M-RB
9655,VM180M-RBCV
7690,VMS-1080
7691,VMS-1080-F-W-S
8253,VMS-1080-S-M
7692,VP-59B
7693,VP-59BP
7694,VP-59S
7695,VP-59SP
7696,VP-712B
7697,VP-712B-BRKT
7698,VP-712BP
7699,VP-712S
7700,VP-712SP
7701,VPA-BBK
7702,VPA-BBKP
7703,VPA-BS
7704,VPA-BSP
7705,VPA-DCA
7706,VPA-F4
8088,VPA-F4-W
7707,VPA-RFB
7708,VPA-RFT
8087,VPA-RFTW
8086,VPA-RFW
7709,VPA-UP
11101,VPA-UPP
11253,VPA-VPL
7710,VPC-5
7711,VPC-5-SCRW
7712,VPC-6
7713,VPD-CBK
7714,VPD-CG
7715,VPD-CR
7716,VPD-DSBK
7717,VPD-DSBK-CHN
7718,VPD-DSBK-CHN-HLDR
7719,VPD-DSBK-CHN-WGHT
7720,VPD-DSBK-EXPN-CORE
8059,VPD-DSBK-GR
8979,VPD-DSBK-WNBA
7721,VPD-DSG
7722,VPD-DSMC
10902,VPD-DSMC2
7723,VPD-DSR
7724,VPD-H3CSC
8401,VPD-H3CSC-SCRW
8531,VPD-H3CSC-WSHR
7725,VPD-H3W
10320,VPD-H3W-HRDWR
8400,VPD-HCSC-BMP
7726,VPD-MC
10926,VPD-MC2
7727,VPE-5B
7728,VPE-5S
7729,VPE-6B
7730,VPE-6S
7731,VPE-6SP
7820,VS-LCD400
9996,VS-LCD400-MNTASM
7814,VSD-160
7815,VSD-160-300-400-P-C
11108,VSD-160-300-RFLC
7816,VSD-300
7817,VSD-300-MOUNT-ASSEM
7818,VSD-300-PRTCV-CP
7858,WB-CL
7859,WB-CM
7860,WB-CS
7861,WB-DU
7857,WB1119
8995,WB1119-SHLSTRP
8226,WISP-10C
8227,WISP-10G
8228,WISP-20M
10526,WISP-20M-CS
11136,WISP-20M-QRPLT
8229,WISP-30D
8120,XLR-USB-48
123123123,
11378,APC-1/4-20-SC
11377,APC-A7S-ATK
0,APC-A7S-M4X14-SC
11376,APC-A7S-M4X6-SC
11375,APC-A7S-M4X8-SC
11373,APC-A7S-THG
11410,CC-106T/R-BOTRB
11476,CC-375
11478,CC-450
11472,FB-TTL-C
11473,FB-TTL-N
10135,LB-ST-M-EXDIFF
11487,LEX-200-TTL
11399,LHC-ET74B
11475,PG-AA11
11474,PG-AA7
11425,RCW-3-C
11428,RCW-3-N
11426,RCW-3-OP
11427,RCW-3-R
11429,RCW-3-S2
11452,VE-TTL-MNTASM
11407,VM-2370CF/VH-11-LKNB
11404,VM-2370CF/VH-11-LTLR
11405,VM-2370CF/VH-11-MTLR
11406,VM-2370CF/VH-11-STLR
1001,10032080
